"TIME","GEO","UNIT","NA_ITEM","Value","Flag and Footnotes"
"2008","Belgium","Current prices, million euro","Gross domestic product at market prices","354,065.9",""
"2008","Belgium","Current prices, million euro","Value added, gross","317,008.8",""
"2008","Bulgaria","Current prices, million euro","Gross domestic product at market prices","37,200.1",""
"2008","Bulgaria","Current prices, million euro","Value added, gross","31,288.3",""
"2008","Czechia","Current prices, million euro","Gross domestic product at market prices","161,313.1",""
"2008","Czechia","Current prices, million euro","Value added, gross","146,284.8",""
"2008","Denmark","Current prices, million euro","Gross domestic product at market prices","241,613.5",""
"2008","Denmark","Current prices, million euro","Value added, gross","207,276.3",""
"2008","Germany (until 1990 former territory of the FRG)","Current prices, million euro","Gross domestic product at market prices","2,561,740.0",""
"2008","Germany (until 1990 former territory of the FRG)","Current prices, million euro","Value added, gross","2,304,665.0",""
"2008","Estonia","Current prices, million euro","Gross domestic product at market prices","16,517.3",""
"2008","Estonia","Current prices, million euro","Value added, gross","14,719.2",""
"2008","Ireland","Current prices, million euro","Gross domestic product at market prices","187,769.1",""
"2008","Ireland","Current prices, million euro","Value added, gross","167,173.9",""
"2008","Greece","Current prices, million euro","Gross domestic product at market prices","241,990.4",""
"2008","Greece","Current prices, million euro","Value added, gross","213,818.9",""
"2008","Spain","Current prices, million euro","Gross domestic product at market prices","1,116,225.0",""
"2008","Spain","Current prices, million euro","Value added, gross","1,025,645.0",""
"2008","France","Current prices, million euro","Gross domestic product at market prices","1,992,380.0",""
"2008","France","Current prices, million euro","Value added, gross","1,792,805.0",""
"2008","Croatia","Current prices, million euro","Gross domestic product at market prices","48,138.8",""
"2008","Croatia","Current prices, million euro","Value added, gross","40,647.0",""
"2008","Italy","Current prices, million euro","Gross domestic product at market prices","1,632,150.8",""
"2008","Italy","Current prices, million euro","Value added, gross","1,473,044.8",""
"2008","Cyprus","Current prices, million euro","Gross domestic product at market prices","19,006.2",""
"2008","Cyprus","Current prices, million euro","Value added, gross","16,416.5",""
"2008","Latvia","Current prices, million euro","Gross domestic product at market prices","24,354.8",""
"2008","Latvia","Current prices, million euro","Value added, gross","21,914.9",""
"2008","Lithuania","Current prices, million euro","Gross domestic product at market prices","32,696.3",""
"2008","Lithuania","Current prices, million euro","Value added, gross","29,349.2",""
"2008","Luxembourg","Current prices, million euro","Gross domestic product at market prices","38,128.6",""
"2008","Luxembourg","Current prices, million euro","Value added, gross","34,202.8",""
"2008","Hungary","Current prices, million euro","Gross domestic product at market prices","108,121.5",""
"2008","Hungary","Current prices, million euro","Value added, gross","92,617.0",""
"2008","Malta","Current prices, million euro","Gross domestic product at market prices","6,128.7",""
"2008","Malta","Current prices, million euro","Value added, gross","5,384.4",""
"2008","Netherlands","Current prices, million euro","Gross domestic product at market prices","647,198.0",""
"2008","Netherlands","Current prices, million euro","Value added, gross","578,387.0",""
"2008","Austria","Current prices, million euro","Gross domestic product at market prices","293,761.9",""
"2008","Austria","Current prices, million euro","Value added, gross","262,414.8",""
"2008","Poland","Current prices, million euro","Gross domestic product at market prices","366,182.3",""
"2008","Poland","Current prices, million euro","Value added, gross","319,984.9",""
"2008","Portugal","Current prices, million euro","Gross domestic product at market prices","178,872.6",""
"2008","Portugal","Current prices, million euro","Value added, gross","156,016.4",""
"2008","Romania","Current prices, million euro","Gross domestic product at market prices","146,106.0",""
"2008","Romania","Current prices, million euro","Value added, gross","130,878.9",""
"2008","Slovenia","Current prices, million euro","Gross domestic product at market prices","37,951.2",""
"2008","Slovenia","Current prices, million euro","Value added, gross","33,229.8",""
"2008","Slovakia","Current prices, million euro","Gross domestic product at market prices","66,002.8",""
"2008","Slovakia","Current prices, million euro","Value added, gross","59,864.3",""
"2008","Finland","Current prices, million euro","Gross domestic product at market prices","193,711.0",""
"2008","Finland","Current prices, million euro","Value added, gross","170,386.0",""
"2008","Sweden","Current prices, million euro","Gross domestic product at market prices","352,741.6",""
"2008","Sweden","Current prices, million euro","Value added, gross","311,599.4",""
"2008","United Kingdom","Current prices, million euro","Gross domestic product at market prices","1,983,970.5",""
"2008","United Kingdom","Current prices, million euro","Value added, gross","1,795,399.9",""
"2008","Iceland","Current prices, million euro","Gross domestic product at market prices","10,948.5",""
"2008","Iceland","Current prices, million euro","Value added, gross","9,590.9",""
"2008","Liechtenstein","Current prices, million euro","Gross domestic product at market prices",":",""
"2008","Liechtenstein","Current prices, million euro","Value added, gross",":",""
"2008","Norway","Current prices, million euro","Gross domestic product at market prices","317,230.3",""
"2008","Norway","Current prices, million euro","Value added, gross","285,537.3",""
"2008","Switzerland","Current prices, million euro","Gross domestic product at market prices","378,248.1",""
"2008","Switzerland","Current prices, million euro","Value added, gross","363,935.6",""
"2008","Montenegro","Current prices, million euro","Gross domestic product at market prices","3,103.3",""
"2008","Montenegro","Current prices, million euro","Value added, gross","2,494.3",""
"2008","Former Yugoslav Republic of Macedonia, the","Current prices, million euro","Gross domestic product at market prices","6,772.1",""
"2008","Former Yugoslav Republic of Macedonia, the","Current prices, million euro","Value added, gross","5,829.6",""
"2008","Albania","Current prices, million euro","Gross domestic product at market prices","8,800.3",""
"2008","Albania","Current prices, million euro","Value added, gross","7,629.6",""
"2008","Serbia","Current prices, million euro","Gross domestic product at market prices","33,704.5",""
"2008","Serbia","Current prices, million euro","Value added, gross","28,337.5",""
"2008","Turkey","Current prices, million euro","Gross domestic product at market prices","521,812.2",""
"2008","Turkey","Current prices, million euro","Value added, gross","464,560.9",""
"2008","Bosnia and Herzegovina","Current prices, million euro","Gross domestic product at market prices","13,047.8",""
"2008","Bosnia and Herzegovina","Current prices, million euro","Value added, gross","10,968.0",""
"2008","Kosovo (under United Nations Security Council Resolution 1244/99)","Current prices, million euro","Gross domestic product at market prices","3,882.8",""
"2008","Kosovo (under United Nations Security Council Resolution 1244/99)","Current prices, million euro","Value added, gross","3,290.9",""
"2009","Belgium","Current prices, million euro","Gross domestic product at market prices","348,781.1",""
"2009","Belgium","Current prices, million euro","Value added, gross","312,596.4",""
"2009","Bulgaria","Current prices, million euro","Gross domestic product at market prices","37,317.7",""
"2009","Bulgaria","Current prices, million euro","Value added, gross","32,395.8",""
"2009","Czechia","Current prices, million euro","Gross domestic product at market prices","148,682.0",""
"2009","Czechia","Current prices, million euro","Value added, gross","134,448.6",""
"2009","Denmark","Current prices, million euro","Gross domestic product at market prices","231,278.1",""
"2009","Denmark","Current prices, million euro","Value added, gross","199,422.7",""
"2009","Germany (until 1990 former territory of the FRG)","Current prices, million euro","Gross domestic product at market prices","2,460,280.0",""
"2009","Germany (until 1990 former territory of the FRG)","Current prices, million euro","Value added, gross","2,207,236.0",""
"2009","Estonia","Current prices, million euro","Gross domestic product at market prices","14,145.9",""
"2009","Estonia","Current prices, million euro","Value added, gross","12,281.0",""
"2009","Ireland","Current prices, million euro","Gross domestic product at market prices","170,100.5",""
"2009","Ireland","Current prices, million euro","Value added, gross","152,176.8",""
"2009","Greece","Current prices, million euro","Gross domestic product at market prices","237,534.2",""
"2009","Greece","Current prices, million euro","Value added, gross","212,390.9",""
"2009","Spain","Current prices, million euro","Gross domestic product at market prices","1,079,052.0",""
"2009","Spain","Current prices, million euro","Value added, gross","1,006,093.0",""
"2009","France","Current prices, million euro","Gross domestic product at market prices","1,936,422.0",""
"2009","France","Current prices, million euro","Value added, gross","1,750,127.0",""
"2009","Croatia","Current prices, million euro","Gross domestic product at market prices","45,145.4",""
"2009","Croatia","Current prices, million euro","Value added, gross","38,506.4",""
"2009","Italy","Current prices, million euro","Gross domestic product at market prices","1,572,878.3",""
"2009","Italy","Current prices, million euro","Value added, gross","1,421,651.3",""
"2009","Cyprus","Current prices, million euro","Gross domestic product at market prices","18,673.5",""
"2009","Cyprus","Current prices, million euro","Value added, gross","16,419.5",""
"2009","Latvia","Current prices, million euro","Gross domestic product at market prices","18,749.3",""
"2009","Latvia","Current prices, million euro","Value added, gross","16,861.1",""
"2009","Lithuania","Current prices, million euro","Gross domestic product at market prices","26,934.8",""
"2009","Lithuania","Current prices, million euro","Value added, gross","24,300.4",""
"2009","Luxembourg","Current prices, million euro","Gross domestic product at market prices","36,976.5",""
"2009","Luxembourg","Current prices, million euro","Value added, gross","33,135.1",""
"2009","Hungary","Current prices, million euro","Gross domestic product at market prices","94,262.5",""
"2009","Hungary","Current prices, million euro","Value added, gross","80,116.3",""
"2009","Malta","Current prices, million euro","Gross domestic product at market prices","6,138.6",""
"2009","Malta","Current prices, million euro","Value added, gross","5,356.9",""
"2009","Netherlands","Current prices, million euro","Gross domestic product at market prices","624,842.0",""
"2009","Netherlands","Current prices, million euro","Value added, gross","561,185.0",""
"2009","Austria","Current prices, million euro","Gross domestic product at market prices","288,044.0",""
"2009","Austria","Current prices, million euro","Value added, gross","256,671.0",""
"2009","Poland","Current prices, million euro","Gross domestic product at market prices","317,082.9",""
"2009","Poland","Current prices, million euro","Value added, gross","281,934.1",""
"2009","Portugal","Current prices, million euro","Gross domestic product at market prices","175,448.2",""
"2009","Portugal","Current prices, million euro","Value added, gross","155,505.9",""
"2009","Romania","Current prices, million euro","Gross domestic product at market prices","124,141.0",""
"2009","Romania","Current prices, million euro","Value added, gross","112,177.4",""
"2009","Slovenia","Current prices, million euro","Gross domestic product at market prices","36,166.2",""
"2009","Slovenia","Current prices, million euro","Value added, gross","31,638.3",""
"2009","Slovakia","Current prices, million euro","Gross domestic product at market prices","64,023.1",""
"2009","Slovakia","Current prices, million euro","Value added, gross","58,032.9",""
"2009","Finland","Current prices, million euro","Gross domestic product at market prices","181,029.0",""
"2009","Finland","Current prices, million euro","Value added, gross","158,348.0",""
"2009","Sweden","Current prices, million euro","Gross domestic product at market prices","310,008.3",""
"2009","Sweden","Current prices, million euro","Value added, gross","272,272.1",""
"2009","United Kingdom","Current prices, million euro","Gross domestic product at market prices","1,725,383.3",""
"2009","United Kingdom","Current prices, million euro","Value added, gross","1,571,359.5",""
"2009","Iceland","Current prices, million euro","Gross domestic product at market prices","9,426.4",""
"2009","Iceland","Current prices, million euro","Value added, gross","8,418.6",""
"2009","Liechtenstein","Current prices, million euro","Gross domestic product at market prices",":",""
"2009","Liechtenstein","Current prices, million euro","Value added, gross",":",""
"2009","Norway","Current prices, million euro","Gross domestic product at market prices","278,557.9",""
"2009","Norway","Current prices, million euro","Value added, gross","248,621.1",""
"2009","Switzerland","Current prices, million euro","Gross domestic product at market prices","390,207.4",""
"2009","Switzerland","Current prices, million euro","Value added, gross","376,155.3",""
"2009","Montenegro","Current prices, million euro","Gross domestic product at market prices","2,993.9",""
"2009","Montenegro","Current prices, million euro","Value added, gross","2,485.5",""
"2009","Former Yugoslav Republic of Macedonia, the","Current prices, million euro","Gross domestic product at market prices","6,766.5",""
"2009","Former Yugoslav Republic of Macedonia, the","Current prices, million euro","Value added, gross","5,848.5",""
"2009","Albania","Current prices, million euro","Gross domestic product at market prices","8,662.2",""
"2009","Albania","Current prices, million euro","Value added, gross","7,495.0",""
"2009","Serbia","Current prices, million euro","Gross domestic product at market prices","30,654.7",""
"2009","Serbia","Current prices, million euro","Value added, gross","25,683.8",""
"2009","Turkey","Current prices, million euro","Gross domestic product at market prices","461,925.9",""
"2009","Turkey","Current prices, million euro","Value added, gross","411,946.9",""
"2009","Bosnia and Herzegovina","Current prices, million euro","Gross domestic product at market prices","12,679.3",""
"2009","Bosnia and Herzegovina","Current prices, million euro","Value added, gross","10,856.6",""
"2009","Kosovo (under United Nations Security Council Resolution 1244/99)","Current prices, million euro","Gross domestic product at market prices","4,069.6",""
"2009","Kosovo (under United Nations Security Council Resolution 1244/99)","Current prices, million euro","Value added, gross","3,458.9",""
"2010","Belgium","Current prices, million euro","Gross domestic product at market prices","365,100.5",""
"2010","Belgium","Current prices, million euro","Value added, gross","326,533.7",""
"2010","Bulgaria","Current prices, million euro","Gross domestic product at market prices","38,230.5",""
"2010","Bulgaria","Current prices, million euro","Value added, gross","33,246.0",""
"2010","Czechia","Current prices, million euro","Gross domestic product at market prices","156,718.2",""
"2010","Czechia","Current prices, million euro","Value added, gross","141,715.0",""
"2010","Denmark","Current prices, million euro","Gross domestic product at market prices","243,165.4",""
"2010","Denmark","Current prices, million euro","Value added, gross","209,840.2",""
"2010","Germany (until 1990 former territory of the FRG)","Current prices, million euro","Gross domestic product at market prices","2,580,060.0",""
"2010","Germany (until 1990 former territory of the FRG)","Current prices, million euro","Value added, gross","2,321,695.0",""
"2010","Estonia","Current prices, million euro","Gross domestic product at market prices","14,716.5",""
"2010","Estonia","Current prices, million euro","Value added, gross","12,874.3",""
"2010","Ireland","Current prices, million euro","Gross domestic product at market prices","167,721.2",""
"2010","Ireland","Current prices, million euro","Value added, gross","152,124.7",""
"2010","Greece","Current prices, million euro","Gross domestic product at market prices","226,031.4",""
"2010","Greece","Current prices, million euro","Value added, gross","199,643.7",""
"2010","Spain","Current prices, million euro","Gross domestic product at market prices","1,080,935.0",""
"2010","Spain","Current prices, million euro","Value added, gross","989,883.0",""
"2010","France","Current prices, million euro","Gross domestic product at market prices","1,995,289.0",""
"2010","France","Current prices, million euro","Value added, gross","1,797,790.0",""
"2010","Croatia","Current prices, million euro","Gross domestic product at market prices","45,155.5",""
"2010","Croatia","Current prices, million euro","Value added, gross","38,340.8",""
"2010","Italy","Current prices, million euro","Gross domestic product at market prices","1,604,514.5",""
"2010","Italy","Current prices, million euro","Value added, gross","1,443,246.5",""
"2010","Cyprus","Current prices, million euro","Gross domestic product at market prices","19,299.5",""
"2010","Cyprus","Current prices, million euro","Value added, gross","16,999.4",""
"2010","Latvia","Current prices, million euro","Gross domestic product at market prices","17,788.6",""
"2010","Latvia","Current prices, million euro","Value added, gross","15,814.0",""
"2010","Lithuania","Current prices, million euro","Gross domestic product at market prices","28,027.7",""
"2010","Lithuania","Current prices, million euro","Value added, gross","25,209.8",""
"2010","Luxembourg","Current prices, million euro","Gross domestic product at market prices","40,177.8",""
"2010","Luxembourg","Current prices, million euro","Value added, gross","36,137.2",""
"2010","Hungary","Current prices, million euro","Gross domestic product at market prices","98,826.0",""
"2010","Hungary","Current prices, million euro","Value added, gross","83,686.8",""
"2010","Malta","Current prices, million euro","Gross domestic product at market prices","6,599.5",""
"2010","Malta","Current prices, million euro","Value added, gross","5,790.8",""
"2010","Netherlands","Current prices, million euro","Gross domestic product at market prices","639,187.0",""
"2010","Netherlands","Current prices, million euro","Value added, gross","574,280.0",""
"2010","Austria","Current prices, million euro","Gross domestic product at market prices","295,896.6",""
"2010","Austria","Current prices, million euro","Value added, gross","263,633.5",""
"2010","Poland","Current prices, million euro","Gross domestic product at market prices","361,803.9",""
"2010","Poland","Current prices, million euro","Value added, gross","318,290.7",""
"2010","Portugal","Current prices, million euro","Gross domestic product at market prices","179,929.8",""
"2010","Portugal","Current prices, million euro","Value added, gross","158,325.9",""
"2010","Romania","Current prices, million euro","Gross domestic product at market prices","125,408.8",""
"2010","Romania","Current prices, million euro","Value added, gross","111,912.1",""
"2010","Slovenia","Current prices, million euro","Gross domestic product at market prices","36,252.4",""
"2010","Slovenia","Current prices, million euro","Value added, gross","31,582.7",""
"2010","Slovakia","Current prices, million euro","Gross domestic product at market prices","67,577.3",""
"2010","Slovakia","Current prices, million euro","Value added, gross","61,368.3",""
"2010","Finland","Current prices, million euro","Gross domestic product at market prices","187,100.0",""
"2010","Finland","Current prices, million euro","Value added, gross","163,620.0",""
"2010","Sweden","Current prices, million euro","Gross domestic product at market prices","369,478.2",""
"2010","Sweden","Current prices, million euro","Value added, gross","324,894.6",""
"2010","United Kingdom","Current prices, million euro","Gross domestic product at market prices","1,850,538.6",""
"2010","United Kingdom","Current prices, million euro","Value added, gross","1,666,535.7",""
"2010","Iceland","Current prices, million euro","Gross domestic product at market prices","10,332.4",""
"2010","Iceland","Current prices, million euro","Value added, gross","9,194.6",""
"2010","Liechtenstein","Current prices, million euro","Gross domestic product at market prices",":",""
"2010","Liechtenstein","Current prices, million euro","Value added, gross",":",""
"2010","Norway","Current prices, million euro","Gross domestic product at market prices","324,043.2",""
"2010","Norway","Current prices, million euro","Value added, gross","288,606.5",""
"2010","Switzerland","Current prices, million euro","Gross domestic product at market prices","441,085.7",""
"2010","Switzerland","Current prices, million euro","Value added, gross","424,786.8",""
"2010","Montenegro","Current prices, million euro","Gross domestic product at market prices","3,125.1",""
"2010","Montenegro","Current prices, million euro","Value added, gross","2,608.5",""
"2010","Former Yugoslav Republic of Macedonia, the","Current prices, million euro","Gross domestic product at market prices","7,108.3",""
"2010","Former Yugoslav Republic of Macedonia, the","Current prices, million euro","Value added, gross","6,131.4",""
"2010","Albania","Current prices, million euro","Gross domestic product at market prices","8,996.6",""
"2010","Albania","Current prices, million euro","Value added, gross","7,819.8",""
"2010","Serbia","Current prices, million euro","Gross domestic product at market prices","29,766.3",""
"2010","Serbia","Current prices, million euro","Value added, gross","24,818.4",""
"2010","Turkey","Current prices, million euro","Gross domestic product at market prices","581,023.8",""
"2010","Turkey","Current prices, million euro","Value added, gross","510,849.3",""
"2010","Bosnia and Herzegovina","Current prices, million euro","Gross domestic product at market prices","12,968.9",""
"2010","Bosnia and Herzegovina","Current prices, million euro","Value added, gross","10,992.4",""
"2010","Kosovo (under United Nations Security Council Resolution 1244/99)","Current prices, million euro","Gross domestic product at market prices","4,402.0",""
"2010","Kosovo (under United Nations Security Council Resolution 1244/99)","Current prices, million euro","Value added, gross","3,687.2",""
"2011","Belgium","Current prices, million euro","Gross domestic product at market prices","379,106.3",""
"2011","Belgium","Current prices, million euro","Value added, gross","339,644.3",""
"2011","Bulgaria","Current prices, million euro","Gross domestic product at market prices","41,292.0",""
"2011","Bulgaria","Current prices, million euro","Value added, gross","36,110.4",""
"2011","Czechia","Current prices, million euro","Gross domestic product at market prices","164,040.5",""
"2011","Czechia","Current prices, million euro","Value added, gross","148,041.3",""
"2011","Denmark","Current prices, million euro","Gross domestic product at market prices","247,879.9",""
"2011","Denmark","Current prices, million euro","Value added, gross","213,907.9",""
"2011","Germany (until 1990 former territory of the FRG)","Current prices, million euro","Gross domestic product at market prices","2,703,120.0",""
"2011","Germany (until 1990 former territory of the FRG)","Current prices, million euro","Value added, gross","2,428,078.0",""
"2011","Estonia","Current prices, million euro","Gross domestic product at market prices","16,667.6",""
"2011","Estonia","Current prices, million euro","Value added, gross","14,616.4",""
"2011","Ireland","Current prices, million euro","Gross domestic product at market prices","171,140.2",""
"2011","Ireland","Current prices, million euro","Value added, gross","155,062.9",""
"2011","Greece","Current prices, million euro","Gross domestic product at market prices","207,028.9","p"
"2011","Greece","Current prices, million euro","Value added, gross","181,909.2","p"
"2011","Spain","Current prices, million euro","Gross domestic product at market prices","1,070,449.0",""
"2011","Spain","Current prices, million euro","Value added, gross","983,670.0",""
"2011","France","Current prices, million euro","Gross domestic product at market prices","2,058,369.0",""
"2011","France","Current prices, million euro","Value added, gross","1,848,583.0",""
"2011","Croatia","Current prices, million euro","Gross domestic product at market prices","44,825.5",""
"2011","Croatia","Current prices, million euro","Value added, gross","38,274.6",""
"2011","Italy","Current prices, million euro","Gross domestic product at market prices","1,637,462.9",""
"2011","Italy","Current prices, million euro","Value added, gross","1,470,334.1",""
"2011","Cyprus","Current prices, million euro","Gross domestic product at market prices","19,731.0",""
"2011","Cyprus","Current prices, million euro","Value added, gross","17,522.0",""
"2011","Latvia","Current prices, million euro","Gross domestic product at market prices","20,202.3",""
"2011","Latvia","Current prices, million euro","Value added, gross","17,948.5",""
"2011","Lithuania","Current prices, million euro","Gross domestic product at market prices","31,275.3",""
"2011","Lithuania","Current prices, million euro","Value added, gross","28,160.1",""
"2011","Luxembourg","Current prices, million euro","Gross domestic product at market prices","43,164.6",""
"2011","Luxembourg","Current prices, million euro","Value added, gross","38,739.0",""
"2011","Hungary","Current prices, million euro","Gross domestic product at market prices","101,317.0",""
"2011","Hungary","Current prices, million euro","Value added, gross","86,116.9",""
"2011","Malta","Current prices, million euro","Gross domestic product at market prices","6,840.0",""
"2011","Malta","Current prices, million euro","Value added, gross","5,958.3",""
"2011","Netherlands","Current prices, million euro","Gross domestic product at market prices","650,359.0",""
"2011","Netherlands","Current prices, million euro","Value added, gross","585,953.0",""
"2011","Austria","Current prices, million euro","Gross domestic product at market prices","310,128.7",""
"2011","Austria","Current prices, million euro","Value added, gross","276,404.0",""
"2011","Poland","Current prices, million euro","Gross domestic product at market prices","380,241.7",""
"2011","Poland","Current prices, million euro","Value added, gross","334,166.6",""
"2011","Portugal","Current prices, million euro","Gross domestic product at market prices","176,166.6",""
"2011","Portugal","Current prices, million euro","Value added, gross","154,242.8",""
"2011","Romania","Current prices, million euro","Gross domestic product at market prices","131,925.4",""
"2011","Romania","Current prices, million euro","Value added, gross","115,988.4",""
"2011","Slovenia","Current prices, million euro","Gross domestic product at market prices","36,896.3",""
"2011","Slovenia","Current prices, million euro","Value added, gross","32,105.5",""
"2011","Slovakia","Current prices, million euro","Gross domestic product at market prices","70,627.2",""
"2011","Slovakia","Current prices, million euro","Value added, gross","63,981.8",""
"2011","Finland","Current prices, million euro","Gross domestic product at market prices","196,869.0",""
"2011","Finland","Current prices, million euro","Value added, gross","170,454.0",""
"2011","Sweden","Current prices, million euro","Gross domestic product at market prices","405,440.1",""
"2011","Sweden","Current prices, million euro","Value added, gross","357,416.2",""
"2011","United Kingdom","Current prices, million euro","Gross domestic product at market prices","1,894,900.2",""
"2011","United Kingdom","Current prices, million euro","Value added, gross","1,691,850.3",""
"2011","Iceland","Current prices, million euro","Gross domestic product at market prices","10,889.0",""
"2011","Iceland","Current prices, million euro","Value added, gross","9,683.3",""
"2011","Liechtenstein","Current prices, million euro","Gross domestic product at market prices",":",""
"2011","Liechtenstein","Current prices, million euro","Value added, gross",":",""
"2011","Norway","Current prices, million euro","Gross domestic product at market prices","358,733.7",""
"2011","Norway","Current prices, million euro","Value added, gross","320,874.2",""
"2011","Switzerland","Current prices, million euro","Gross domestic product at market prices","504,020.9",""
"2011","Switzerland","Current prices, million euro","Value added, gross","485,904.9",""
"2011","Montenegro","Current prices, million euro","Gross domestic product at market prices","3,264.8",""
"2011","Montenegro","Current prices, million euro","Value added, gross","2,735.4",""
"2011","Former Yugoslav Republic of Macedonia, the","Current prices, million euro","Gross domestic product at market prices","7,544.2",""
"2011","Former Yugoslav Republic of Macedonia, the","Current prices, million euro","Value added, gross","6,490.8",""
"2011","Albania","Current prices, million euro","Gross domestic product at market prices","9,268.3",""
"2011","Albania","Current prices, million euro","Value added, gross","8,060.4",""
"2011","Serbia","Current prices, million euro","Gross domestic product at market prices","33,423.8",""
"2011","Serbia","Current prices, million euro","Value added, gross","28,144.3",""
"2011","Turkey","Current prices, million euro","Gross domestic product at market prices","596,491.2",""
"2011","Turkey","Current prices, million euro","Value added, gross","524,722.3",""
"2011","Bosnia and Herzegovina","Current prices, million euro","Gross domestic product at market prices","13,411.8",""
"2011","Bosnia and Herzegovina","Current prices, million euro","Value added, gross","11,368.6",""
"2011","Kosovo (under United Nations Security Council Resolution 1244/99)","Current prices, million euro","Gross domestic product at market prices","4,814.5",""
"2011","Kosovo (under United Nations Security Council Resolution 1244/99)","Current prices, million euro","Value added, gross","3,944.9",""
"2012","Belgium","Current prices, million euro","Gross domestic product at market prices","387,500.1",""
"2012","Belgium","Current prices, million euro","Value added, gross","346,698.4",""
"2012","Bulgaria","Current prices, million euro","Gross domestic product at market prices","41,947.2",""
"2012","Bulgaria","Current prices, million euro","Value added, gross","36,296.5",""
"2012","Czechia","Current prices, million euro","Gross domestic product at market prices","161,434.3",""
"2012","Czechia","Current prices, million euro","Value added, gross","145,075.8",""
"2012","Denmark","Current prices, million euro","Gross domestic product at market prices","254,578.0",""
"2012","Denmark","Current prices, million euro","Value added, gross","219,794.7",""
"2012","Germany (until 1990 former territory of the FRG)","Current prices, million euro","Gross domestic product at market prices","2,758,260.0",""
"2012","Germany (until 1990 former territory of the FRG)","Current prices, million euro","Value added, gross","2,478,596.0",""
"2012","Estonia","Current prices, million euro","Gross domestic product at market prices","17,934.9",""
"2012","Estonia","Current prices, million euro","Value added, gross","15,676.0",""
"2012","Ireland","Current prices, million euro","Gross domestic product at market prices","175,216.2",""
"2012","Ireland","Current prices, million euro","Value added, gross","158,535.6",""
"2012","Greece","Current prices, million euro","Gross domestic product at market prices","191,203.9","p"
"2012","Greece","Current prices, million euro","Value added, gross","168,979.0","p"
"2012","Spain","Current prices, million euro","Gross domestic product at market prices","1,039,815.0",""
"2012","Spain","Current prices, million euro","Value added, gross","953,986.0",""
"2012","France","Current prices, million euro","Gross domestic product at market prices","2,088,804.0",""
"2012","France","Current prices, million euro","Value added, gross","1,875,325.0",""
"2012","Croatia","Current prices, million euro","Gross domestic product at market prices","43,982.7",""
"2012","Croatia","Current prices, million euro","Value added, gross","37,051.3",""
"2012","Italy","Current prices, million euro","Gross domestic product at market prices","1,613,265.0",""
"2012","Italy","Current prices, million euro","Value added, gross","1,448,021.0",""
"2012","Cyprus","Current prices, million euro","Gross domestic product at market prices","19,489.7",""
"2012","Cyprus","Current prices, million euro","Value added, gross","17,288.3",""
"2012","Latvia","Current prices, million euro","Gross domestic product at market prices","22,058.4",""
"2012","Latvia","Current prices, million euro","Value added, gross","19,516.7",""
"2012","Lithuania","Current prices, million euro","Gross domestic product at market prices","33,348.5",""
"2012","Lithuania","Current prices, million euro","Value added, gross","30,165.2",""
"2012","Luxembourg","Current prices, million euro","Gross domestic product at market prices","44,112.1",""
"2012","Luxembourg","Current prices, million euro","Value added, gross","39,386.4",""
"2012","Hungary","Current prices, million euro","Gross domestic product at market prices","99,502.4",""
"2012","Hungary","Current prices, million euro","Value added, gross","83,634.4",""
"2012","Malta","Current prices, million euro","Gross domestic product at market prices","7,168.0",""
"2012","Malta","Current prices, million euro","Value added, gross","6,281.2",""
"2012","Netherlands","Current prices, million euro","Gross domestic product at market prices","652,966.0",""
"2012","Netherlands","Current prices, million euro","Value added, gross","590,316.0",""
"2012","Austria","Current prices, million euro","Gross domestic product at market prices","318,653.0",""
"2012","Austria","Current prices, million euro","Value added, gross","283,548.2",""
"2012","Poland","Current prices, million euro","Gross domestic product at market prices","389,376.8",""
"2012","Poland","Current prices, million euro","Value added, gross","344,984.6",""
"2012","Portugal","Current prices, million euro","Gross domestic product at market prices","168,398.0",""
"2012","Portugal","Current prices, million euro","Value added, gross","147,361.6",""
"2012","Romania","Current prices, million euro","Gross domestic product at market prices","133,147.1",""
"2012","Romania","Current prices, million euro","Value added, gross","116,971.1",""
"2012","Slovenia","Current prices, million euro","Gross domestic product at market prices","36,076.1",""
"2012","Slovenia","Current prices, million euro","Value added, gross","31,299.1",""
"2012","Slovakia","Current prices, million euro","Gross domestic product at market prices","72,703.5",""
"2012","Slovakia","Current prices, million euro","Value added, gross","66,410.3",""
"2012","Finland","Current prices, million euro","Gross domestic product at market prices","199,793.0",""
"2012","Finland","Current prices, million euro","Value added, gross","172,417.0",""
"2012","Sweden","Current prices, million euro","Gross domestic product at market prices","423,808.4",""
"2012","Sweden","Current prices, million euro","Value added, gross","374,311.6",""
"2012","United Kingdom","Current prices, million euro","Gross domestic product at market prices","2,089,628.4",""
"2012","United Kingdom","Current prices, million euro","Value added, gross","1,868,252.6",""
"2012","Iceland","Current prices, million euro","Gross domestic product at market prices","11,458.5",""
"2012","Iceland","Current prices, million euro","Value added, gross","10,127.4",""
"2012","Liechtenstein","Current prices, million euro","Gross domestic product at market prices",":",""
"2012","Liechtenstein","Current prices, million euro","Value added, gross",":",""
"2012","Norway","Current prices, million euro","Gross domestic product at market prices","397,086.1",""
"2012","Norway","Current prices, million euro","Value added, gross","355,827.2",""
"2012","Switzerland","Current prices, million euro","Gross domestic product at market prices","519,716.4",""
"2012","Switzerland","Current prices, million euro","Value added, gross","502,234.9",""
"2012","Montenegro","Current prices, million euro","Gross domestic product at market prices","3,181.5",""
"2012","Montenegro","Current prices, million euro","Value added, gross","2,668.2",""
"2012","Former Yugoslav Republic of Macedonia, the","Current prices, million euro","Gross domestic product at market prices","7,584.8",""
"2012","Former Yugoslav Republic of Macedonia, the","Current prices, million euro","Value added, gross","6,560.6",""
"2012","Albania","Current prices, million euro","Gross domestic product at market prices","9,585.8",""
"2012","Albania","Current prices, million euro","Value added, gross","8,305.1",""
"2012","Serbia","Current prices, million euro","Gross domestic product at market prices","31,683.1",""
"2012","Serbia","Current prices, million euro","Value added, gross","26,559.1",""
"2012","Turkey","Current prices, million euro","Gross domestic product at market prices","678,483.7",""
"2012","Turkey","Current prices, million euro","Value added, gross","598,838.5",""
"2012","Bosnia and Herzegovina","Current prices, million euro","Gross domestic product at market prices","13,407.5",""
"2012","Bosnia and Herzegovina","Current prices, million euro","Value added, gross","11,335.6",""
"2012","Kosovo (under United Nations Security Council Resolution 1244/99)","Current prices, million euro","Gross domestic product at market prices","5,058.8",""
"2012","Kosovo (under United Nations Security Council Resolution 1244/99)","Current prices, million euro","Value added, gross","4,167.1",""
"2013","Belgium","Current prices, million euro","Gross domestic product at market prices","392,339.8",""
"2013","Belgium","Current prices, million euro","Value added, gross","350,876.6",""
"2013","Bulgaria","Current prices, million euro","Gross domestic product at market prices","41,858.1",""
"2013","Bulgaria","Current prices, million euro","Value added, gross","36,031.6",""
"2013","Czechia","Current prices, million euro","Gross domestic product at market prices","157,741.6",""
"2013","Czechia","Current prices, million euro","Value added, gross","141,198.3",""
"2013","Denmark","Current prices, million euro","Gross domestic product at market prices","258,742.7",""
"2013","Denmark","Current prices, million euro","Value added, gross","223,850.7",""
"2013","Germany (until 1990 former territory of the FRG)","Current prices, million euro","Gross domestic product at market prices","2,826,240.0",""
"2013","Germany (until 1990 former territory of the FRG)","Current prices, million euro","Value added, gross","2,542,656.0",""
"2013","Estonia","Current prices, million euro","Gross domestic product at market prices","18,932.3",""
"2013","Estonia","Current prices, million euro","Value added, gross","16,590.9",""
"2013","Ireland","Current prices, million euro","Gross domestic product at market prices","179,922.4",""
"2013","Ireland","Current prices, million euro","Value added, gross","165,009.4",""
"2013","Greece","Current prices, million euro","Gross domestic product at market prices","180,654.3","p"
"2013","Greece","Current prices, million euro","Value added, gross","160,236.7","p"
"2013","Spain","Current prices, million euro","Gross domestic product at market prices","1,025,693.0",""
"2013","Spain","Current prices, million euro","Value added, gross","935,616.0",""
"2013","France","Current prices, million euro","Gross domestic product at market prices","2,117,189.0",""
"2013","France","Current prices, million euro","Value added, gross","1,899,841.0",""
"2013","Croatia","Current prices, million euro","Gross domestic product at market prices","43,779.2",""
"2013","Croatia","Current prices, million euro","Value added, gross","36,605.1",""
"2013","Italy","Current prices, million euro","Gross domestic product at market prices","1,604,599.1",""
"2013","Italy","Current prices, million euro","Value added, gross","1,444,106.1",""
"2013","Cyprus","Current prices, million euro","Gross domestic product at market prices","18,140.5",""
"2013","Cyprus","Current prices, million euro","Value added, gross","16,134.0",""
"2013","Latvia","Current prices, million euro","Gross domestic product at market prices","22,828.9",""
"2013","Latvia","Current prices, million euro","Value added, gross","20,109.9",""
"2013","Lithuania","Current prices, million euro","Gross domestic product at market prices","34,959.6",""
"2013","Lithuania","Current prices, million euro","Value added, gross","31,690.1",""
"2013","Luxembourg","Current prices, million euro","Gross domestic product at market prices","46,499.6",""
"2013","Luxembourg","Current prices, million euro","Value added, gross","41,527.4",""
"2013","Hungary","Current prices, million euro","Gross domestic product at market prices","101,890.5",""
"2013","Hungary","Current prices, million euro","Value added, gross","85,965.3",""
"2013","Malta","Current prices, million euro","Gross domestic product at market prices","7,641.7",""
"2013","Malta","Current prices, million euro","Value added, gross","6,716.6",""
"2013","Netherlands","Current prices, million euro","Gross domestic product at market prices","660,463.0",""
"2013","Netherlands","Current prices, million euro","Value added, gross","595,709.0",""
"2013","Austria","Current prices, million euro","Gross domestic product at market prices","323,910.2",""
"2013","Austria","Current prices, million euro","Value added, gross","288,624.2",""
"2013","Poland","Current prices, million euro","Gross domestic product at market prices","394,733.8",""
"2013","Poland","Current prices, million euro","Value added, gross","350,426.9",""
"2013","Portugal","Current prices, million euro","Gross domestic product at market prices","170,269.3",""
"2013","Portugal","Current prices, million euro","Value added, gross","149,768.4",""
"2013","Romania","Current prices, million euro","Gross domestic product at market prices","143,801.6",""
"2013","Romania","Current prices, million euro","Value added, gross","126,843.3",""
"2013","Slovenia","Current prices, million euro","Gross domestic product at market prices","36,239.2",""
"2013","Slovenia","Current prices, million euro","Value added, gross","31,294.2",""
"2013","Slovakia","Current prices, million euro","Gross domestic product at market prices","74,169.9",""
"2013","Slovakia","Current prices, million euro","Value added, gross","67,521.9",""
"2013","Finland","Current prices, million euro","Gross domestic product at market prices","203,338.0",""
"2013","Finland","Current prices, million euro","Value added, gross","175,002.0",""
"2013","Sweden","Current prices, million euro","Gross domestic product at market prices","436,217.9",""
"2013","Sweden","Current prices, million euro","Value added, gross","385,767.3",""
"2013","United Kingdom","Current prices, million euro","Gross domestic product at market prices","2,073,978.5",""
"2013","United Kingdom","Current prices, million euro","Value added, gross","1,852,463.3",""
"2013","Iceland","Current prices, million euro","Gross domestic product at market prices","12,064.1",""
"2013","Iceland","Current prices, million euro","Value added, gross","10,673.8",""
"2013","Liechtenstein","Current prices, million euro","Gross domestic product at market prices","4,812.4",""
"2013","Liechtenstein","Current prices, million euro","Value added, gross","4,652.7",""
"2013","Norway","Current prices, million euro","Gross domestic product at market prices","393,966.1",""
"2013","Norway","Current prices, million euro","Value added, gross","352,704.6",""
"2013","Switzerland","Current prices, million euro","Gross domestic product at market prices","518,379.5",""
"2013","Switzerland","Current prices, million euro","Value added, gross","501,115.3",""
"2013","Montenegro","Current prices, million euro","Gross domestic product at market prices","3,362.5",""
"2013","Montenegro","Current prices, million euro","Value added, gross","2,759.2",""
"2013","Former Yugoslav Republic of Macedonia, the","Current prices, million euro","Gross domestic product at market prices","8,149.6",""
"2013","Former Yugoslav Republic of Macedonia, the","Current prices, million euro","Value added, gross","7,091.1",""
"2013","Albania","Current prices, million euro","Gross domestic product at market prices","9,625.4",""
"2013","Albania","Current prices, million euro","Value added, gross","8,396.5",""
"2013","Serbia","Current prices, million euro","Gross domestic product at market prices","34,262.9",""
"2013","Serbia","Current prices, million euro","Value added, gross","28,845.7",""
"2013","Turkey","Current prices, million euro","Gross domestic product at market prices","714,313.4",""
"2013","Turkey","Current prices, million euro","Value added, gross","625,745.0",""
"2013","Bosnia and Herzegovina","Current prices, million euro","Gross domestic product at market prices","13,691.8",""
"2013","Bosnia and Herzegovina","Current prices, million euro","Value added, gross","11,679.4",""
"2013","Kosovo (under United Nations Security Council Resolution 1244/99)","Current prices, million euro","Gross domestic product at market prices","5,326.6",""
"2013","Kosovo (under United Nations Security Council Resolution 1244/99)","Current prices, million euro","Value added, gross","4,435.6",""
"2014","Belgium","Current prices, million euro","Gross domestic product at market prices","400,086.6",""
"2014","Belgium","Current prices, million euro","Value added, gross","358,064.6",""
"2014","Bulgaria","Current prices, million euro","Gross domestic product at market prices","42,824.4",""
"2014","Bulgaria","Current prices, million euro","Value added, gross","37,187.7",""
"2014","Czechia","Current prices, million euro","Gross domestic product at market prices","156,660.0",""
"2014","Czechia","Current prices, million euro","Value added, gross","141,581.9",""
"2014","Denmark","Current prices, million euro","Gross domestic product at market prices","265,757.0",""
"2014","Denmark","Current prices, million euro","Value added, gross","230,586.9",""
"2014","Germany (until 1990 former territory of the FRG)","Current prices, million euro","Gross domestic product at market prices","2,938,590.0",""
"2014","Germany (until 1990 former territory of the FRG)","Current prices, million euro","Value added, gross","2,646,444.0",""
"2014","Estonia","Current prices, million euro","Gross domestic product at market prices","20,061.2",""
"2014","Estonia","Current prices, million euro","Value added, gross","17,496.7",""
"2014","Ireland","Current prices, million euro","Gross domestic product at market prices","195,292.8",""
"2014","Ireland","Current prices, million euro","Value added, gross","179,350.6",""
"2014","Greece","Current prices, million euro","Gross domestic product at market prices","178,656.5","p"
"2014","Greece","Current prices, million euro","Value added, gross","157,913.0","p"
"2014","Spain","Current prices, million euro","Gross domestic product at market prices","1,037,820.0",""
"2014","Spain","Current prices, million euro","Value added, gross","944,470.0",""
"2014","France","Current prices, million euro","Gross domestic product at market prices","2,149,765.0",""
"2014","France","Current prices, million euro","Value added, gross","1,927,230.0",""
"2014","Croatia","Current prices, million euro","Gross domestic product at market prices","43,431.0",""
"2014","Croatia","Current prices, million euro","Value added, gross","36,276.8",""
"2014","Italy","Current prices, million euro","Gross domestic product at market prices","1,621,827.2",""
"2014","Italy","Current prices, million euro","Value added, gross","1,457,859.2",""
"2014","Cyprus","Current prices, million euro","Gross domestic product at market prices","17,610.0",""
"2014","Cyprus","Current prices, million euro","Value added, gross","15,445.4",""
"2014","Latvia","Current prices, million euro","Gross domestic product at market prices","23,618.2",""
"2014","Latvia","Current prices, million euro","Value added, gross","20,795.2",""
"2014","Lithuania","Current prices, million euro","Gross domestic product at market prices","36,568.3",""
"2014","Lithuania","Current prices, million euro","Value added, gross","33,067.7",""
"2014","Luxembourg","Current prices, million euro","Gross domestic product at market prices","49,824.5",""
"2014","Luxembourg","Current prices, million euro","Value added, gross","44,396.1",""
"2014","Hungary","Current prices, million euro","Gross domestic product at market prices","105,547.0",""
"2014","Hungary","Current prices, million euro","Value added, gross","89,034.0",""
"2014","Malta","Current prices, million euro","Gross domestic product at market prices","8,467.5",""
"2014","Malta","Current prices, million euro","Value added, gross","7,432.6",""
"2014","Netherlands","Current prices, million euro","Gross domestic product at market prices","671,560.0",""
"2014","Netherlands","Current prices, million euro","Value added, gross","604,814.0",""
"2014","Austria","Current prices, million euro","Gross domestic product at market prices","333,146.1",""
"2014","Austria","Current prices, million euro","Value added, gross","297,230.2",""
"2014","Poland","Current prices, million euro","Gross domestic product at market prices","411,163.2",""
"2014","Poland","Current prices, million euro","Value added, gross","364,616.8",""
"2014","Portugal","Current prices, million euro","Gross domestic product at market prices","173,079.1",""
"2014","Portugal","Current prices, million euro","Value added, gross","151,365.1",""
"2014","Romania","Current prices, million euro","Gross domestic product at market prices","150,458.0",""
"2014","Romania","Current prices, million euro","Value added, gross","133,176.7",""
"2014","Slovenia","Current prices, million euro","Gross domestic product at market prices","37,603.3",""
"2014","Slovenia","Current prices, million euro","Value added, gross","32,503.2",""
"2014","Slovakia","Current prices, million euro","Gross domestic product at market prices","76,087.8",""
"2014","Slovakia","Current prices, million euro","Value added, gross","68,907.4",""
"2014","Finland","Current prices, million euro","Gross domestic product at market prices","205,474.0",""
"2014","Finland","Current prices, million euro","Value added, gross","176,987.0",""
"2014","Sweden","Current prices, million euro","Gross domestic product at market prices","433,140.1",""
"2014","Sweden","Current prices, million euro","Value added, gross","383,685.9",""
"2014","United Kingdom","Current prices, million euro","Gross domestic product at market prices","2,287,866.6",""
"2014","United Kingdom","Current prices, million euro","Value added, gross","2,041,823.8",""
"2014","Iceland","Current prices, million euro","Gross domestic product at market prices","13,389.9",""
"2014","Iceland","Current prices, million euro","Value added, gross","11,624.3",""
"2014","Liechtenstein","Current prices, million euro","Gross domestic product at market prices","5,021.7",""
"2014","Liechtenstein","Current prices, million euro","Value added, gross","4,856.2",""
"2014","Norway","Current prices, million euro","Gross domestic product at market prices","376,647.6",""
"2014","Norway","Current prices, million euro","Value added, gross","336,846.6",""
"2014","Switzerland","Current prices, million euro","Gross domestic product at market prices","534,923.7",""
"2014","Switzerland","Current prices, million euro","Value added, gross","517,307.0",""
"2014","Montenegro","Current prices, million euro","Gross domestic product at market prices","3,457.9",""
"2014","Montenegro","Current prices, million euro","Value added, gross","2,799.5",""
"2014","Former Yugoslav Republic of Macedonia, the","Current prices, million euro","Gross domestic product at market prices","8,562.0",""
"2014","Former Yugoslav Republic of Macedonia, the","Current prices, million euro","Value added, gross","7,434.2",""
"2014","Albania","Current prices, million euro","Gross domestic product at market prices","9,968.6",""
"2014","Albania","Current prices, million euro","Value added, gross","8,700.7",""
"2014","Serbia","Current prices, million euro","Gross domestic product at market prices","33,318.6",""
"2014","Serbia","Current prices, million euro","Value added, gross","27,766.5",""
"2014","Turkey","Current prices, million euro","Gross domestic product at market prices","703,411.6",""
"2014","Turkey","Current prices, million euro","Value added, gross","622,119.4",""
"2014","Bosnia and Herzegovina","Current prices, million euro","Gross domestic product at market prices","13,988.3",""
"2014","Bosnia and Herzegovina","Current prices, million euro","Value added, gross","11,872.0",""
"2014","Kosovo (under United Nations Security Council Resolution 1244/99)","Current prices, million euro","Gross domestic product at market prices","5,567.5",""
"2014","Kosovo (under United Nations Security Council Resolution 1244/99)","Current prices, million euro","Value added, gross","4,617.5",""
"2015","Belgium","Current prices, million euro","Gross domestic product at market prices","411,010.2",""
"2015","Belgium","Current prices, million euro","Value added, gross","368,106.6",""
"2015","Bulgaria","Current prices, million euro","Gross domestic product at market prices","45,288.5",""
"2015","Bulgaria","Current prices, million euro","Value added, gross","39,140.1",""
"2015","Czechia","Current prices, million euro","Gross domestic product at market prices","168,473.3",""
"2015","Czechia","Current prices, million euro","Value added, gross","151,603.0",""
"2015","Denmark","Current prices, million euro","Gross domestic product at market prices","273,017.5",""
"2015","Denmark","Current prices, million euro","Value added, gross","236,921.4",""
"2015","Germany (until 1990 former territory of the FRG)","Current prices, million euro","Gross domestic product at market prices","3,048,860.0",""
"2015","Germany (until 1990 former territory of the FRG)","Current prices, million euro","Value added, gross","2,745,337.0",""
"2015","Estonia","Current prices, million euro","Gross domestic product at market prices","20,652.0",""
"2015","Estonia","Current prices, million euro","Value added, gross","17,914.7",""
"2015","Ireland","Current prices, million euro","Gross domestic product at market prices","262,466.2",""
"2015","Ireland","Current prices, million euro","Value added, gross","245,582.6",""
"2015","Greece","Current prices, million euro","Gross domestic product at market prices","177,258.4","p"
"2015","Greece","Current prices, million euro","Value added, gross","156,613.4","p"
"2015","Spain","Current prices, million euro","Gross domestic product at market prices","1,081,165.0",""
"2015","Spain","Current prices, million euro","Value added, gross","980,992.0",""
"2015","France","Current prices, million euro","Gross domestic product at market prices","2,198,432.0",""
"2015","France","Current prices, million euro","Value added, gross","1,967,466.0",""
"2015","Croatia","Current prices, million euro","Gross domestic product at market prices","44,605.9",""
"2015","Croatia","Current prices, million euro","Value added, gross","37,026.1",""
"2015","Italy","Current prices, million euro","Gross domestic product at market prices","1,652,085.4",""
"2015","Italy","Current prices, million euro","Value added, gross","1,485,251.4",""
"2015","Cyprus","Current prices, million euro","Gross domestic product at market prices","17,746.0",""
"2015","Cyprus","Current prices, million euro","Value added, gross","15,586.0",""
"2015","Latvia","Current prices, million euro","Gross domestic product at market prices","24,320.3",""
"2015","Latvia","Current prices, million euro","Value added, gross","21,361.6",""
"2015","Lithuania","Current prices, million euro","Gross domestic product at market prices","37,433.9",""
"2015","Lithuania","Current prices, million euro","Value added, gross","33,716.4",""
"2015","Luxembourg","Current prices, million euro","Gross domestic product at market prices","51,578.9",""
"2015","Luxembourg","Current prices, million euro","Value added, gross","46,644.6",""
"2015","Hungary","Current prices, million euro","Gross domestic product at market prices","110,898.7",""
"2015","Hungary","Current prices, million euro","Value added, gross","93,154.4",""
"2015","Malta","Current prices, million euro","Gross domestic product at market prices","9,524.6",""
"2015","Malta","Current prices, million euro","Value added, gross","8,416.7",""
"2015","Netherlands","Current prices, million euro","Gross domestic product at market prices","690,008.0",""
"2015","Netherlands","Current prices, million euro","Value added, gross","620,835.0",""
"2015","Austria","Current prices, million euro","Gross domestic product at market prices","344,258.5",""
"2015","Austria","Current prices, million euro","Value added, gross","307,026.9",""
"2015","Poland","Current prices, million euro","Gross domestic product at market prices","430,254.5",""
"2015","Poland","Current prices, million euro","Value added, gross","381,731.3",""
"2015","Portugal","Current prices, million euro","Gross domestic product at market prices","179,809.1",""
"2015","Portugal","Current prices, million euro","Value added, gross","156,838.9",""
"2015","Romania","Current prices, million euro","Gross domestic product at market prices","160,297.8",""
"2015","Romania","Current prices, million euro","Value added, gross","140,928.1",""
"2015","Slovenia","Current prices, million euro","Gross domestic product at market prices","38,863.3",""
"2015","Slovenia","Current prices, million euro","Value added, gross","33,604.9",""
"2015","Slovakia","Current prices, million euro","Gross domestic product at market prices","79,138.2",""
"2015","Slovakia","Current prices, million euro","Value added, gross","71,446.2",""
"2015","Finland","Current prices, million euro","Gross domestic product at market prices","209,604.0",""
"2015","Finland","Current prices, million euro","Value added, gross","180,818.0",""
"2015","Sweden","Current prices, million euro","Gross domestic product at market prices","449,194.7",""
"2015","Sweden","Current prices, million euro","Value added, gross","397,866.0",""
"2015","United Kingdom","Current prices, million euro","Gross domestic product at market prices","2,611,924.1",""
"2015","United Kingdom","Current prices, million euro","Value added, gross","2,331,146.0",""
"2015","Iceland","Current prices, million euro","Gross domestic product at market prices","15,639.2",""
"2015","Iceland","Current prices, million euro","Value added, gross","13,641.2",""
"2015","Liechtenstein","Current prices, million euro","Gross domestic product at market prices","5,668.8","p"
"2015","Liechtenstein","Current prices, million euro","Value added, gross","5,434.6","p"
"2015","Norway","Current prices, million euro","Gross domestic product at market prices","348,408.4",""
"2015","Norway","Current prices, million euro","Value added, gross","310,126.3",""
"2015","Switzerland","Current prices, million euro","Gross domestic product at market prices","612,658.4",""
"2015","Switzerland","Current prices, million euro","Value added, gross","593,031.1",""
"2015","Montenegro","Current prices, million euro","Gross domestic product at market prices","3,654.5",""
"2015","Montenegro","Current prices, million euro","Value added, gross","3,022.0",""
"2015","Former Yugoslav Republic of Macedonia, the","Current prices, million euro","Gross domestic product at market prices","9,072.3",""
"2015","Former Yugoslav Republic of Macedonia, the","Current prices, million euro","Value added, gross","7,927.3",""
"2015","Albania","Current prices, million euro","Gross domestic product at market prices","10,264.1",""
"2015","Albania","Current prices, million euro","Value added, gross","9,014.8",""
"2015","Serbia","Current prices, million euro","Gross domestic product at market prices","33,491.0",""
"2015","Serbia","Current prices, million euro","Value added, gross","27,715.6",""
"2015","Turkey","Current prices, million euro","Gross domestic product at market prices","772,978.8",""
"2015","Turkey","Current prices, million euro","Value added, gross","681,119.4",""
"2015","Bosnia and Herzegovina","Current prices, million euro","Gross domestic product at market prices","14,615.7",""
"2015","Bosnia and Herzegovina","Current prices, million euro","Value added, gross","12,426.2",""
"2015","Kosovo (under United Nations Security Council Resolution 1244/99)","Current prices, million euro","Gross domestic product at market prices","5,806.9",""
"2015","Kosovo (under United Nations Security Council Resolution 1244/99)","Current prices, million euro","Value added, gross","4,740.1",""
"2016","Belgium","Current prices, million euro","Gross domestic product at market prices","424,660.3",""
"2016","Belgium","Current prices, million euro","Value added, gross","379,274.4",""
"2016","Bulgaria","Current prices, million euro","Gross domestic product at market prices","48,128.6",""
"2016","Bulgaria","Current prices, million euro","Value added, gross","41,526.5",""
"2016","Czechia","Current prices, million euro","Gross domestic product at market prices","176,370.1",""
"2016","Czechia","Current prices, million euro","Value added, gross","158,535.0",""
"2016","Denmark","Current prices, million euro","Gross domestic product at market prices","282,089.9",""
"2016","Denmark","Current prices, million euro","Value added, gross","244,695.5",""
"2016","Germany (until 1990 former territory of the FRG)","Current prices, million euro","Gross domestic product at market prices","3,159,750.0",""
"2016","Germany (until 1990 former territory of the FRG)","Current prices, million euro","Value added, gross","2,847,740.0",""
"2016","Estonia","Current prices, million euro","Gross domestic product at market prices","21,682.6",""
"2016","Estonia","Current prices, million euro","Value added, gross","18,702.4",""
"2016","Ireland","Current prices, million euro","Gross domestic product at market prices","273,238.2",""
"2016","Ireland","Current prices, million euro","Value added, gross","255,215.0",""
"2016","Greece","Current prices, million euro","Gross domestic product at market prices","176,487.9","p"
"2016","Greece","Current prices, million euro","Value added, gross","154,044.4","p"
"2016","Spain","Current prices, million euro","Gross domestic product at market prices","1,118,743.0","p"
"2016","Spain","Current prices, million euro","Value added, gross","1,014,839.0","p"
"2016","France","Current prices, million euro","Gross domestic product at market prices","2,228,568.0","p"
"2016","France","Current prices, million euro","Value added, gross","1,991,276.0","p"
"2016","Croatia","Current prices, million euro","Gross domestic product at market prices","46,639.5",""
"2016","Croatia","Current prices, million euro","Value added, gross","38,676.1",""
"2016","Italy","Current prices, million euro","Gross domestic product at market prices","1,689,747.6",""
"2016","Italy","Current prices, million euro","Value added, gross","1,517,530.6",""
"2016","Cyprus","Current prices, million euro","Gross domestic product at market prices","18,490.2","p"
"2016","Cyprus","Current prices, million euro","Value added, gross","16,199.7","p"
"2016","Latvia","Current prices, million euro","Gross domestic product at market prices","25,037.7",""
"2016","Latvia","Current prices, million euro","Value added, gross","21,832.4",""
"2016","Lithuania","Current prices, million euro","Gross domestic product at market prices","38,849.4",""
"2016","Lithuania","Current prices, million euro","Value added, gross","34,957.9",""
"2016","Luxembourg","Current prices, million euro","Gross domestic product at market prices","53,303.0",""
"2016","Luxembourg","Current prices, million euro","Value added, gross","48,283.6",""
"2016","Hungary","Current prices, million euro","Gross domestic product at market prices","113,903.8",""
"2016","Hungary","Current prices, million euro","Value added, gross","96,337.7",""
"2016","Malta","Current prices, million euro","Gross domestic product at market prices","10,180.1",""
"2016","Malta","Current prices, million euro","Value added, gross","8,994.7",""
"2016","Netherlands","Current prices, million euro","Gross domestic product at market prices","708,337.0",""
"2016","Netherlands","Current prices, million euro","Value added, gross","634,824.0",""
"2016","Austria","Current prices, million euro","Gross domestic product at market prices","356,237.6",""
"2016","Austria","Current prices, million euro","Value added, gross","317,593.0",""
"2016","Poland","Current prices, million euro","Gross domestic product at market prices","426,547.5",""
"2016","Poland","Current prices, million euro","Value added, gross","376,783.3",""
"2016","Portugal","Current prices, million euro","Gross domestic product at market prices","186,480.5",""
"2016","Portugal","Current prices, million euro","Value added, gross","162,226.1",""
"2016","Romania","Current prices, million euro","Gross domestic product at market prices","170,393.6",""
"2016","Romania","Current prices, million euro","Value added, gross","152,853.4",""
"2016","Slovenia","Current prices, million euro","Gross domestic product at market prices","40,357.2",""
"2016","Slovenia","Current prices, million euro","Value added, gross","34,947.0",""
"2016","Slovakia","Current prices, million euro","Gross domestic product at market prices","81,226.1",""
"2016","Slovakia","Current prices, million euro","Value added, gross","73,436.2",""
"2016","Finland","Current prices, million euro","Gross domestic product at market prices","216,111.0",""
"2016","Finland","Current prices, million euro","Value added, gross","185,988.0",""
"2016","Sweden","Current prices, million euro","Gross domestic product at market prices","463,147.5",""
"2016","Sweden","Current prices, million euro","Value added, gross","409,379.8",""
"2016","United Kingdom","Current prices, million euro","Gross domestic product at market prices","2,403,382.6",""
"2016","United Kingdom","Current prices, million euro","Value added, gross","2,142,877.2",""
"2016","Iceland","Current prices, million euro","Gross domestic product at market prices","18,734.4",""
"2016","Iceland","Current prices, million euro","Value added, gross","16,481.8",""
"2016","Liechtenstein","Current prices, million euro","Gross domestic product at market prices","5,631.1","e"
"2016","Liechtenstein","Current prices, million euro","Value added, gross",":",""
"2016","Norway","Current prices, million euro","Gross domestic product at market prices","335,747.5",""
"2016","Norway","Current prices, million euro","Value added, gross","297,131.8",""
"2016","Switzerland","Current prices, million euro","Gross domestic product at market prices","605,753.7","p"
"2016","Switzerland","Current prices, million euro","Value added, gross","587,154.8","p"
"2016","Montenegro","Current prices, million euro","Gross domestic product at market prices","3,954.2",""
"2016","Montenegro","Current prices, million euro","Value added, gross","3,271.0",""
"2016","Former Yugoslav Republic of Macedonia, the","Current prices, million euro","Gross domestic product at market prices","9,722.8","p"
"2016","Former Yugoslav Republic of Macedonia, the","Current prices, million euro","Value added, gross","8,454.7","p"
"2016","Albania","Current prices, million euro","Gross domestic product at market prices","10,740.0","p"
"2016","Albania","Current prices, million euro","Value added, gross","9,420.3","p"
"2016","Serbia","Current prices, million euro","Gross domestic product at market prices","34,616.6",""
"2016","Serbia","Current prices, million euro","Value added, gross","28,517.4",""
"2016","Turkey","Current prices, million euro","Gross domestic product at market prices","780,224.9",""
"2016","Turkey","Current prices, million euro","Value added, gross","687,613.0",""
"2016","Bosnia and Herzegovina","Current prices, million euro","Gross domestic product at market prices","15,287.9",""
"2016","Bosnia and Herzegovina","Current prices, million euro","Value added, gross","12,996.2",""
"2016","Kosovo (under United Nations Security Council Resolution 1244/99)","Current prices, million euro","Gross domestic product at market prices","6,070.0",""
"2016","Kosovo (under United Nations Security Council Resolution 1244/99)","Current prices, million euro","Value added, gross","4,880.0",""
"2017","Belgium","Current prices, million euro","Gross domestic product at market prices","439,051.9",""
"2017","Belgium","Current prices, million euro","Value added, gross","391,876.9",""
"2017","Bulgaria","Current prices, million euro","Gross domestic product at market prices","51,663.0",""
"2017","Bulgaria","Current prices, million euro","Value added, gross","44,807.4",""
"2017","Czechia","Current prices, million euro","Gross domestic product at market prices","191,642.8",""
"2017","Czechia","Current prices, million euro","Value added, gross","171,980.6",""
"2017","Denmark","Current prices, million euro","Gross domestic product at market prices","292,806.0",""
"2017","Denmark","Current prices, million euro","Value added, gross","254,474.1",""
"2017","Germany (until 1990 former territory of the FRG)","Current prices, million euro","Gross domestic product at market prices","3,277,340.0",""
"2017","Germany (until 1990 former territory of the FRG)","Current prices, million euro","Value added, gross","2,954,696.0",""
"2017","Estonia","Current prices, million euro","Gross domestic product at market prices","23,615.1",""
"2017","Estonia","Current prices, million euro","Value added, gross","20,478.5",""
"2017","Ireland","Current prices, million euro","Gross domestic product at market prices","294,110.1",""
"2017","Ireland","Current prices, million euro","Value added, gross","275,946.7",""
"2017","Greece","Current prices, million euro","Gross domestic product at market prices","180,217.6","p"
"2017","Greece","Current prices, million euro","Value added, gross","157,526.3","p"
"2017","Spain","Current prices, million euro","Gross domestic product at market prices","1,166,319.0","p"
"2017","Spain","Current prices, million euro","Value added, gross","1,057,467.0","p"
"2017","France","Current prices, million euro","Gross domestic product at market prices","2,291,705.0","p"
"2017","France","Current prices, million euro","Value added, gross","2,042,082.0","p"
"2017","Croatia","Current prices, million euro","Gross domestic product at market prices","48,989.5",""
"2017","Croatia","Current prices, million euro","Value added, gross","40,403.1",""
"2017","Italy","Current prices, million euro","Gross domestic product at market prices","1,724,954.5",""
"2017","Italy","Current prices, million euro","Value added, gross","1,546,693.5",""
"2017","Cyprus","Current prices, million euro","Gross domestic product at market prices","19,570.9","p"
"2017","Cyprus","Current prices, million euro","Value added, gross","16,995.8","p"
"2017","Latvia","Current prices, million euro","Gross domestic product at market prices","27,033.1",""
"2017","Latvia","Current prices, million euro","Value added, gross","23,626.2",""
"2017","Lithuania","Current prices, million euro","Gross domestic product at market prices","42,190.8",""
"2017","Lithuania","Current prices, million euro","Value added, gross","37,916.6",""
"2017","Luxembourg","Current prices, million euro","Gross domestic product at market prices","55,299.4",""
"2017","Luxembourg","Current prices, million euro","Value added, gross","50,154.5",""
"2017","Hungary","Current prices, million euro","Gross domestic product at market prices","124,050.3",""
"2017","Hungary","Current prices, million euro","Value added, gross","104,978.9",""
"2017","Malta","Current prices, million euro","Gross domestic product at market prices","11,139.7",""
"2017","Malta","Current prices, million euro","Value added, gross","9,832.1",""
"2017","Netherlands","Current prices, million euro","Gross domestic product at market prices","737,048.0","p"
"2017","Netherlands","Current prices, million euro","Value added, gross","660,393.0","p"
"2017","Austria","Current prices, million euro","Gross domestic product at market prices","369,899.2",""
"2017","Austria","Current prices, million euro","Value added, gross","329,941.4",""
"2017","Poland","Current prices, million euro","Gross domestic product at market prices","467,167.0",""
"2017","Poland","Current prices, million euro","Value added, gross","410,255.8",""
"2017","Portugal","Current prices, million euro","Gross domestic product at market prices","194,613.5","p"
"2017","Portugal","Current prices, million euro","Value added, gross","168,677.3","p"
"2017","Romania","Current prices, million euro","Gross domestic product at market prices","187,939.9","p"
"2017","Romania","Current prices, million euro","Value added, gross","170,281.4","p"
"2017","Slovenia","Current prices, million euro","Gross domestic product at market prices","42,999.7",""
"2017","Slovenia","Current prices, million euro","Value added, gross","37,366.4",""
"2017","Slovakia","Current prices, million euro","Gross domestic product at market prices","84,850.9",""
"2017","Slovakia","Current prices, million euro","Value added, gross","76,430.5",""
"2017","Finland","Current prices, million euro","Gross domestic product at market prices","223,843.0",""
"2017","Finland","Current prices, million euro","Value added, gross","193,268.0",""
"2017","Sweden","Current prices, million euro","Gross domestic product at market prices","475,224.2",""
"2017","Sweden","Current prices, million euro","Value added, gross","420,279.7",""
"2017","United Kingdom","Current prices, million euro","Gross domestic product at market prices","2,332,087.3",""
"2017","United Kingdom","Current prices, million euro","Value added, gross","2,080,119.1",""
"2017","Iceland","Current prices, million euro","Gross domestic product at market prices","21,695.9",""
"2017","Iceland","Current prices, million euro","Value added, gross",":",""
"2017","Liechtenstein","Current prices, million euro","Gross domestic product at market prices",":",""
"2017","Liechtenstein","Current prices, million euro","Value added, gross",":",""
"2017","Norway","Current prices, million euro","Gross domestic product at market prices","354,287.4",""
"2017","Norway","Current prices, million euro","Value added, gross","314,061.6",""
"2017","Switzerland","Current prices, million euro","Gross domestic product at market prices","601,395.7","p"
"2017","Switzerland","Current prices, million euro","Value added, gross","582,637.6","p"
"2017","Montenegro","Current prices, million euro","Gross domestic product at market prices","4,299.1",""
"2017","Montenegro","Current prices, million euro","Value added, gross","3,518.6",""
"2017","Former Yugoslav Republic of Macedonia, the","Current prices, million euro","Gross domestic product at market prices","10,065.6","e"
"2017","Former Yugoslav Republic of Macedonia, the","Current prices, million euro","Value added, gross","8,734.3","e"
"2017","Albania","Current prices, million euro","Gross domestic product at market prices","11,575.7","e"
"2017","Albania","Current prices, million euro","Value added, gross","10,113.5","e"
"2017","Serbia","Current prices, million euro","Gross domestic product at market prices","36,795.4","p"
"2017","Serbia","Current prices, million euro","Value added, gross","30,311.0","p"
"2017","Turkey","Current prices, million euro","Gross domestic product at market prices","753,904.0",""
"2017","Turkey","Current prices, million euro","Value added, gross","668,019.7",""
"2017","Bosnia and Herzegovina","Current prices, million euro","Gross domestic product at market prices",":",""
"2017","Bosnia and Herzegovina","Current prices, million euro","Value added, gross",":",""
"2017","Kosovo (under United Nations Security Council Resolution 1244/99)","Current prices, million euro","Gross domestic product at market prices","6,413.8",""
"2017","Kosovo (under United Nations Security Council Resolution 1244/99)","Current prices, million euro","Value added, gross","5,163.3",""
